section,name
"See our top 3D Modeling Experts","Sayduck"
"See our top 3D Modeling Experts","CGTrader"
"See our top 3D Modeling Experts","Sketchfab"
"See our top Setup Experts","We Offer Shop"
"See our top Setup Experts","Albert Nguyen"
"See our top Setup Experts","Jumpstart"
"See our top Setup Experts","JadeCommercecenter.com"
"See our top Setup Experts","Meekco.Asia"
"See our top Setup Experts","Wave Commerce"
"See our top Setup Experts","Chic Workshop"
"See our top Setup Experts","Cooee Commerce"
"See our top Setup Experts","360 & 5"
"See our top Setup Experts","Gurl Studio - Shopjedi"
"See our top Setup Experts","InsCoder Limited"
"See our top Setup Experts","KLoc Technologies Pvt Ltd"
"See our top Designers","Jumpstart"
"See our top Designers","Meekco.Asia"
"See our top Designers","Wave Commerce"
"See our top Designers","Chic Workshop"
"See our top Designers","360 & 5"
"See our top Developers","Jumpstart"
"See our top Developers","SellerSmith"
"See our top Developers","Wave Commerce"
"See our top Developers","Chic Workshop"
"See our top Developers","360 & 5"
"See our top Developers","Gurl Studio - Shopjedi"
"See our top Developers","InsCoder Limited"
"See our top Developers","JiuTu"
"See our top Developers","Marmeto"
"See our top Developers","Globo Software Solution jsc"
"See our top Developers","Softpulse Infotech"
"See our top Developers","Jeronone Technologies"
"See our top Marketers","JadeCommercecenter.com"
"See our top Marketers","Meekco.Asia"
"See our top Marketers","Gurl Studio - Shopjedi"
"See our top Marketers","JiuTu"
"See our top Marketers","eShop Genius"
"See our top Marketers","The Hope Factory"
"See our top Marketers","HANASAKE PICTURES Inc."
"See our top Marketers","Insider Media Group"
"See our top Marketers","Flagship LLC"
"See our top Marketers","Binary - Shopify Experts"
"See our top Marketers","GO RIDE,Inc."
"See our top Marketers","Hiyaku Inc"
"See our top Photographers","Gurl Studio - Shopjedi"
"See our top Photographers","Blissful Studios"
"See our top Photographers","Flagship LLC"
"See our top Photographers","The Brand Photo"
"See our top Photographers","eChic.com.au"
"See our top Photographers","Blue Horizons"
"See our top Photographers","Elkfox"
"See our top Photographers","EC Capsule°（Powered by ARCHETYP）"
"See our top Photographers","Gilco Digital"
"See our top Photographers","By Association Only"
"See our top Photographers","Triciclo"
"See our top Photographers","Prime Seller Hub"
